Nome,Finalidade,Tipo de Imóvel,Estado,Preço de venda,Distrito,Concelho,Freguesia,Referência
Moradia em Banda 3 quartos,Venda,Moradia em Banda,Usado,220.000 €,Braga,Braga,Nogueiró e Tenões,285200048
Apartamento 3 quartos,Venda,Apartamento,Novo,70.000 €,Braga,Braga,"Braga (Maximinos, Sé e Cividade)",260200100
Moradia em Banda,Venda,Moradia em Banda,Novo,110.000 €,Braga,Braga,"Real, Dume e Semelhe",260200099
Lote,Venda,Lote,N/D,88.500 €,Braga,Braga,Este (São Pedro e São Mamede),285200047
Moradia Geminada 4 quartos,Venda,Moradia Geminada,Construção,280.000 €,Braga,Braga,Palmeira,260200097
Lote,Venda,Lote,N/D,73.000 €,Braga,Braga,"Celeirós, Aveleda e Vimieiro",314200106
Moradia Isolada 4 quartos,Venda,Moradia Isolada,Novo,649.000 €,Braga,Braga,Priscos,314200105
Terreno com ruina,Venda,Terreno com ruina,N/D,39.000 €,Braga,Braga,Vilaça e Fradelos,314200104
Terreno Rústico,Venda,Terreno Rústico,N/D,299.000 €,Braga,Braga,Crespos e Pousada,285200046
Parqueamento,Venda,Parqueamento,Novo,215.000 €,Braga,Braga,Braga (São Vicente),260200095
Apartamento 4 quartos,Venda,Apartamento,Usado,250.000 €,Braga,Braga,Braga (São Vicente),260200094
Prédio,Venda,Prédio,Usado,195.000 €,Braga,Braga,Braga (São Vicente),260200093
Loja,Venda,Loja,Usado,69.000 €,Braga,Braga,Braga (São Vicente),260200086
Apartamento 3 quartos,Venda,Apartamento,Usado,200.000 €,Braga,Braga,Braga (São Vicente),260200084
Apartamento 3 quartos,Venda,Apartamento,Usado,145.000 €,Braga,Braga,Braga (São Vicente),260200081
Moradia em Banda 4 quartos,Venda,Moradia em Banda,Usado,250.000 €,Braga,Braga,Braga (São Vicente),260200080
Apartamento 3 quartos,Venda,Apartamento,Usado,140.000 €,Braga,Braga,Braga (São Vicente),260200079
Loja,Venda,Loja,Usado,82.000 €,Braga,Braga,"Braga (Maximinos, Sé e Cividade)",260200078
Lote,Venda,Lote,N/D,140.000 €,Braga,Braga,Merelim (São Pedro) e Frossos,260200077
Lote Industrial,Venda,Lote Industrial,N/D,195.610 €,Braga,Braga,Merelim (São Pedro) e Frossos,260200076
Lote Industrial,Venda,Lote Industrial,N/D,195.801 €,Braga,Braga,Merelim (São Pedro) e Frossos,260200075
Lote Industrial,Venda,Lote Industrial,N/D,191.000 €,Braga,Braga,Merelim (São Pedro) e Frossos,260200074
Lote Industrial,Venda,Lote Industrial,N/D,191.000 €,Braga,Braga,Merelim (São Pedro) e Frossos,260200073
Lote Industrial,Venda,Lote Industrial,N/D,190.250 €,Braga,Braga,Merelim (São Pedro) e Frossos,260200072
Lote Industrial,Venda,Lote Industrial,N/D,269.350 €,Braga,Braga,Merelim (São Pedro) e Frossos,260200071
Lote Industrial,Venda,Lote Industrial,N/D,196.672 €,Braga,Braga,Merelim (São Pedro) e Frossos,260200070
Loja,Venda,Loja,Usado,33.000 €,Braga,Braga,Braga (São Vicente),260200069
Apartamento 1 quarto,Venda,Apartamento,Novo,275.000 €,Braga,Braga,Braga (São José de São Lázaro e São João do Souto),260200067
Apartamento 1 quarto,Venda,Apartamento,Novo,245.000 €,Braga,Braga,Braga (São José de São Lázaro e São João do Souto),260200066
Apartamento 1 quarto,Venda,Apartamento,Novo,250.000 €,Braga,Braga,Braga (São José de São Lázaro e São João do Souto),260200065
Apartamento 1 quarto,Venda,Apartamento,Novo,270.000 €,Braga,Braga,Braga (São José de São Lázaro e São João do Souto),260200064
Apartamento 2 quartos,Venda,Apartamento,Novo,295.000 €,Braga,Braga,Braga (São José de São Lázaro e São João do Souto),260200063
Apartamento 1 quarto,Venda,Apartamento,Novo,250.000 €,Braga,Braga,Braga (São José de São Lázaro e São João do Souto),260200062
Loja,Venda,Loja,Novo,700.000 €,Braga,Braga,Braga (São José de São Lázaro e São João do Souto),260200061
Lote,Venda,Lote,N/D,120.000 €,Braga,Braga,"Real, Dume e Semelhe",260200060
Lote Industrial,Venda,Lote Industrial,N/D,195.567 €,Braga,Braga,Merelim (São Pedro) e Frossos,260200058
Apartamento 3 quartos,Venda,Apartamento,Construção,205.000 €,Braga,Braga,"Real, Dume e Semelhe",260200057
Loja,Venda,Loja,Usado,56.100 €,Braga,Braga,"Real, Dume e Semelhe",260200056
Armazém,Venda,Armazém,Usado,210.000 €,Braga,Braga,Braga (São Vicente),260200055
Moradia em Banda 4 quartos,Venda,Moradia em Banda,Construção,240.000 €,Braga,Braga,Merelim (São Pedro) e Frossos,260200053
Moradia em Banda 3 quartos,Venda,Moradia em Banda,Construção,240.000 €,Braga,Braga,"Real, Dume e Semelhe",260200052
Moradia em Banda 3 quartos,Venda,Moradia em Banda,Construção,240.000 €,Braga,Braga,"Real, Dume e Semelhe",260200051
Moradia em Banda 3 quartos,Venda,Moradia em Banda,Construção,240.000 €,Braga,Braga,"Real, Dume e Semelhe",260200050
Loja,Venda,Loja,Novo,110.000 €,Braga,Braga,Braga (São Vítor),285200045
Moradia em Banda 3 quartos,Venda,Moradia em Banda,Usado,232.500 €,Braga,Braga,Nogueiró e Tenões,285200044
Lote,Venda,Lote,N/D,50.000 €,Braga,Braga,Este (São Pedro e São Mamede),260200048
Moradia 4 quartos,Venda,Moradia,Usado,145.000 €,Braga,Braga,Crespos e Pousada,285200043
Andar Moradia 4 quartos,Venda,Andar Moradia,Usado,169.900 €,Braga,Braga,"Nogueira, Fraião e Lamaçães",314200100
Apartamento 3 quartos,Venda,Apartamento,Usado,188.000 €,Braga,Braga,"Nogueira, Fraião e Lamaçães",314200099
Armazém,Venda,Armazém,Usado,82.380 €,Braga,Braga,Braga (São José de São Lázaro e São João do Souto),314200097
Lote,Venda,Lote,N/D,52.000 €,Braga,Braga,"Celeirós, Aveleda e Vimieiro",314200095
Lote,Venda,Lote,N/D,100.000 €,Braga,Braga,"Celeirós, Aveleda e Vimieiro",314200094
Lote,Venda,Lote,N/D,52.000 €,Braga,Braga,"Celeirós, Aveleda e Vimieiro",314200093
Moradia,Venda,Moradia,Usado,250.000 €,Braga,Braga,Ruilhe,314200091
Lote,Venda,Lote,N/D,52.500 €,Braga,Braga,"Celeirós, Aveleda e Vimieiro",314200086
Lote,Venda,Lote,N/D,52.500 €,Braga,Braga,"Celeirós, Aveleda e Vimieiro",314200085
Moradia em Banda 3 quartos,Venda,Moradia em Banda,Construção,117.500 €,Braga,Braga,"Celeirós, Aveleda e Vimieiro",314200084
Armazém,Venda,Armazém,Usado,790.000 €,Braga,Braga,Ferreiros e Gondizalves,314200083
Armazém,Venda,Armazém,Usado,790.000 €,Braga,Braga,Ferreiros e Gondizalves,314200082
Moradia,Venda,Moradia,Usado,110.000 €,Braga,Braga,Ferreiros e Gondizalves,314200079
Terreno,Venda,Terreno,N/D,100.000 €,Braga,Braga,"Celeirós, Aveleda e Vimieiro",314200077
Terreno Rústico,Venda,Terreno Rústico,N/D,91.500 €,Braga,Braga,"Celeirós, Aveleda e Vimieiro",314200076
Lote,Venda,Lote,N/D,39.000 €,Braga,Braga,Priscos,314200074
Lote,Venda,Lote,N/D,32.000 €,Braga,Braga,Ruilhe,314200073
Lote,Venda,Lote,N/D,37.000 €,Braga,Braga,Ruilhe,314200072
Moradia 5 quartos,Venda,Moradia,Usado,225.000 €,Braga,Braga,"Celeirós, Aveleda e Vimieiro",314200071
Moradia 3 quartos,Venda,Moradia,Novo,270.000 €,Braga,Braga,Gualtar,285200042
Moradia Geminada 3 quartos,Venda,Moradia Geminada,Novo,400.000 €,Braga,Braga,Braga (São Vicente),285200041
Moradia em Banda 4 quartos,Venda,Moradia em Banda,Construção,340.000 €,Braga,Braga,"Celeirós, Aveleda e Vimieiro",314200070
Terreno Para Construção,Venda,Terreno Para Construção,N/D,70.000 €,Braga,Braga,Ruilhe,314200069
Lote,Venda,Lote,N/D,34.000 €,Braga,Braga,Ruilhe,314200068
Lote,Venda,Lote,N/D,30.000 €,Braga,Braga,Ruilhe,314200067
Moradia Geminada 3 quartos,Venda,Moradia Geminada,Novo,400.000 €,Braga,Braga,Braga (São Vicente),285200040
Lote,Venda,Lote,N/D,36.000 €,Braga,Braga,Priscos,314200065
Lote,Venda,Lote,N/D,35.000 €,Braga,Braga,Priscos,314200064
Terreno Para Construção,Venda,Terreno Para Construção,N/D,33.000 €,Braga,Braga,Arentim e Cunha,314200063
Lote,Venda,Lote,N/D,30.000 €,Braga,Braga,Escudeiros e Penso (Santo Estêvão e São Vicente),314200061
Lote,Venda,Lote,N/D,60.000 €,Braga,Braga,Escudeiros e Penso (Santo Estêvão e São Vicente),314200060
Lote,Venda,Lote,N/D,45.000 €,Braga,Braga,Escudeiros e Penso (Santo Estêvão e São Vicente),314200059
Lote,Venda,Lote,N/D,42.500 €,Braga,Braga,Escudeiros e Penso (Santo Estêvão e São Vicente),314200058
Lote,Venda,Lote,N/D,37.500 €,Braga,Braga,Escudeiros e Penso (Santo Estêvão e São Vicente),314200057
Lote,Venda,Lote,N/D,40.000 €,Braga,Braga,Escudeiros e Penso (Santo Estêvão e São Vicente),314200056
Terreno,Venda,Terreno,N/D,25.000 €,Braga,Braga,Guisande e Oliveira (São Pedro),314200054
Moradia em Banda 3 quartos,Venda,Moradia em Banda,Novo,340.000 €,Braga,Braga,Nogueiró e Tenões,285200039
Moradia em Banda 3 quartos,Venda,Moradia em Banda,Novo,310.000 €,Braga,Braga,Nogueiró e Tenões,285200038
Moradia em Banda 3 quartos,Venda,Moradia em Banda,Novo,310.000 €,Braga,Braga,Nogueiró e Tenões,285200037
Moradia em Banda 3 quartos,Venda,Moradia em Banda,Novo,310.000 €,Braga,Braga,Nogueiró e Tenões,285200036
Moradia em Banda 3 quartos,Venda,Moradia em Banda,Novo,310.000 €,Braga,Braga,Nogueiró e Tenões,285200035
Prédio 7 quartos,Venda,Prédio,Usado,410.000 €,Braga,Braga,Ferreiros e Gondizalves,314200051
Escritório,Venda,Escritório,Usado,99.000 €,Braga,Braga,Ferreiros e Gondizalves,314200049
Loja,Venda,Loja,Usado,42.000 €,Braga,Braga,Ferreiros e Gondizalves,314200048
Moradia em Banda 3 quartos,Venda,Moradia em Banda,Novo,265.000 €,Braga,Braga,Este (São Pedro e São Mamede),285200034
Apartamento 3 quartos,Venda,Apartamento,Usado,119.900 €,Braga,Braga,Ferreiros e Gondizalves,314200047
Moradia Geminada 4 quartos,Venda,Moradia Geminada,Construção,295.000 €,Braga,Braga,"Celeirós, Aveleda e Vimieiro",314200046
Lote,Venda,Lote,N/D,37.000 €,Braga,Braga,Escudeiros e Penso (Santo Estêvão e São Vicente),314200042
Apartamento 3 quartos,Venda,Apartamento,Usado,99.000 €,Braga,Braga,"Braga (Maximinos, Sé e Cividade)",260200047
Prédio,Venda,Prédio,Usado,299.000 €,Braga,Braga,Braga (São Vicente),260200046
Apartamento 3 quartos,Venda,Apartamento,Usado,79.000 €,Braga,Braga,"Real, Dume e Semelhe",260200045
Lote,Venda,Lote,N/D,55.000 €,Braga,Braga,Vilaça e Fradelos,314200040
Terreno,Venda,Terreno,N/D,75.000 €,Braga,Braga,Priscos,314200039
Loja,Venda,Loja,Usado,150.000 €,Braga,Braga,"Braga (Maximinos, Sé e Cividade)",314200037
Lote,Venda,Lote,N/D,47.000 €,Braga,Braga,Tadim,314200035
Terreno Rústico,Venda,Terreno Rústico,N/D,57.500 €,Braga,Braga,Escudeiros e Penso (Santo Estêvão e São Vicente),314200034
Terreno Para Construção,Venda,Terreno Para Construção,N/D,200.000 €,Braga,Braga,"Celeirós, Aveleda e Vimieiro",314200032
Lote,Venda,Lote,N/D,125.000 €,Braga,Braga,"Celeirós, Aveleda e Vimieiro",314200030
Apartamento 3 quartos,Venda,Apartamento,Usado,119.000 €,Braga,Braga,Braga (São Vicente),260200039
Escritório,Venda,Escritório,Novo,74.000 €,Braga,Braga,Braga (São Vicente),260200035
Loja,Venda,Loja,Usado,88.000 €,Braga,Braga,"Braga (Maximinos, Sé e Cividade)",260200033
Apartamento 3 quartos,Venda,Apartamento,Usado,144.000 €,Braga,Braga,Braga (São Vítor),285200033
Apartamento 3 quartos,Venda,Apartamento,Novo,195.000 €,Braga,Braga,Gualtar,285200032
Apartamento 3 quartos,Venda,Apartamento,Usado,190.000 €,Braga,Braga,"Nogueira, Fraião e Lamaçães",314200027
Armazém,Venda,Armazém,Novo,240.000 €,Braga,Braga,Braga (São Vítor),285200031
Apartamento 4 quartos,Venda,Apartamento,Usado,260.000 €,Braga,Braga,Nogueiró e Tenões,285200030
Apartamento 3 quartos,Venda,Apartamento,Novo,225.000 €,Braga,Braga,Nogueiró e Tenões,285200029
Apartamento 3 quartos,Venda,Apartamento,Novo,230.000 €,Braga,Braga,Nogueiró e Tenões,285200028
Apartamento 3 quartos,Venda,Apartamento,Novo,235.000 €,Braga,Braga,Nogueiró e Tenões,285200027
Apartamento 3 quartos,Venda,Apartamento,Novo,240.000 €,Braga,Braga,Nogueiró e Tenões,285200026
Moradia 4 quartos,Venda,Moradia,Construção,365.000 €,Braga,Braga,Nogueiró e Tenões,285200025
Moradia 4 quartos,Venda,Moradia,Construção,345.000 €,Braga,Braga,Nogueiró e Tenões,285200024
Moradia 4 quartos,Venda,Moradia,Construção,355.000 €,Braga,Braga,Nogueiró e Tenões,285200023
Apartamento 3 quartos,Venda,Apartamento,Renovado,148.000 €,Braga,Braga,Nogueiró e Tenões,285200022
Moradia Isolada 6 quartos,Venda,Moradia Isolada,Usado,1.580.000 €,Braga,Braga,Nogueiró e Tenões,285200020
Moradia em Banda 3 quartos,Venda,Moradia em Banda,Usado,480.000 €,Braga,Braga,Nogueiró e Tenões,285200019
Moradia Isolada 3 quartos,Venda,Moradia Isolada,Usado,298.000 €,Braga,Braga,Vilaça e Fradelos,260200029
Moradia em Banda 4 quartos,Venda,Moradia em Banda,Construção,210.000 €,Braga,Braga,Palmeira,260200026
Moradia em Banda 4 quartos,Venda,Moradia em Banda,Construção,210.000 €,Braga,Braga,Palmeira,260200025
Moradia em Banda 4 quartos,Venda,Moradia em Banda,Construção,225.000 €,Braga,Braga,Palmeira,260200024
Moradia em Banda 4 quartos,Venda,Moradia em Banda,Construção,210.000 €,Braga,Braga,Palmeira,260200023
Moradia em Banda 4 quartos,Venda,Moradia em Banda,Construção,260.000 €,Braga,Braga,Palmeira,260200022
Moradia em Banda 4 quartos,Venda,Moradia em Banda,Construção,310.000 €,Braga,Braga,Palmeira,260200021
Moradia em Banda 4 quartos,Venda,Moradia em Banda,Construção,310.000 €,Braga,Braga,Palmeira,260200020
Moradia em Banda 4 quartos,Venda,Moradia em Banda,Construção,205.000 €,Braga,Braga,"Merelim (São Paio), Panoias e Parada de Tibães",260200019
Moradia em Banda 4 quartos,Venda,Moradia em Banda,Construção,260.000 €,Braga,Braga,Palmeira,260200017
Lote,Venda,Lote,N/D,60.000 €,Braga,Braga,Este (São Pedro e São Mamede),260200015
Moradia em Banda 8 quartos,Venda,Moradia em Banda,Usado,325.000 €,Braga,Braga,Gualtar,285200014
Moradia em Banda 3 quartos,Venda,Moradia em Banda,Construção,142.500 €,Braga,Braga,Este (São Pedro e São Mamede),285200013
Apartamento 1 quarto,Venda,Apartamento,Usado,117.500 €,Braga,Braga,Braga (São Vítor),285200012
Terreno Para Construção,Venda,Terreno Para Construção,N/D,89.000 €,Braga,Braga,Escudeiros e Penso (Santo Estêvão e São Vicente),260200014
Apartamento 2 quartos,Venda,Apartamento,Novo,160.000 €,Braga,Braga,Gualtar,285200011
Apartamento 3 quartos,Venda,Apartamento,Usado,180.000 €,Braga,Braga,"Nogueira, Fraião e Lamaçães",314200023
Apartamento 3 quartos,Venda,Apartamento,Usado,125.000 €,Braga,Braga,"Braga (Maximinos, Sé e Cividade)",260200013
Moradia em Banda 3 quartos,Venda,Moradia em Banda,Novo,320.000 €,Braga,Braga,Este (São Pedro e São Mamede),285200010
Lote,Venda,Lote,N/D,98.000 €,Braga,Braga,Gualtar,285200009
Moradia Isolada 4 quartos,Venda,Moradia Isolada,Usado,289.000 €,Braga,Braga,Ferreiros e Gondizalves,260200012
Lote,Venda,Lote,N/D,84.500 €,Braga,Braga,Tadim,260200010
Moradia em Banda 4 quartos,Venda,Moradia em Banda,Usado,200.000 €,Braga,Braga,Gualtar,285200008
Apartamento 3 quartos,Venda,Apartamento,Novo,115.000 €,Braga,Braga,"Real, Dume e Semelhe",260200009
Moradia Geminada 3 quartos,Venda,Moradia Geminada,Novo,330.000 €,Braga,Braga,Braga (São Vítor),285200006
Escritório,Venda,Escritório,Usado,42.500 €,Braga,Braga,Braga (São José de São Lázaro e São João do Souto),314200018
Apartamento 2 quartos,Venda,Apartamento,Usado,117.500 €,Braga,Braga,Braga (São Vítor),285200005
Moradia Geminada 4 quartos,Venda,Moradia Geminada,Usado,255.000 €,Braga,Braga,Palmeira,260200008
Moradia em Banda 4 quartos,Venda,Moradia em Banda,Construção,260.000 €,Braga,Braga,Palmeira,260200006
Moradia em Banda 4 quartos,Venda,Moradia em Banda,Construção,260.000 €,Braga,Braga,Palmeira,260200005
Moradia Geminada 4 quartos,Venda,Moradia Geminada,Construção,285.000 €,Braga,Braga,Palmeira,260200004
Moradia Geminada 3 quartos,Venda,Moradia Geminada,Novo,330.000 €,Braga,Braga,Braga (São Vítor),285200004
Apartamento 2 quartos,Venda,Apartamento,Usado,140.000 €,Braga,Braga,Braga (São Vítor),285200003
Moradia em Banda 4 quartos,Venda,Moradia em Banda,Usado,209.000 €,Braga,Braga,Palmeira,260200003
Apartamento 3 quartos,Venda,Apartamento,Renovado,132.000 €,Braga,Braga,Braga (São Vítor),285200002
Lote,Venda,Lote,N/D,52.000 €,Braga,Braga,"Real, Dume e Semelhe",260190198
Apartamento 3 quartos,Venda,Apartamento,Usado,223.000 €,Braga,Braga,"Braga (Maximinos, Sé e Cividade)",260190197
Apartamento 3 quartos,Venda,Apartamento,Novo,112.000 €,Braga,Braga,Ferreiros e Gondizalves,260190196
Apartamento 3 quartos,Venda,Apartamento,Usado,Sob Consulta,Braga,Braga,Ferreiros e Gondizalves,260190195
Apartamento 3 quartos,Venda,Apartamento,Novo,290.000 €,Braga,Braga,Nogueiró e Tenões,314190263
Apartamento 3 quartos,Venda,Apartamento,Novo,275.000 €,Braga,Braga,Nogueiró e Tenões,314190262
Apartamento 3 quartos,Venda,Apartamento,Novo,310.000 €,Braga,Braga,Nogueiró e Tenões,314190261
Apartamento 3 quartos,Venda,Apartamento,Novo,310.000 €,Braga,Braga,Nogueiró e Tenões,314190260
Apartamento 3 quartos,Venda,Apartamento,Novo,265.000 €,Braga,Braga,Nogueiró e Tenões,314190259
Apartamento 3 quartos,Venda,Apartamento,Usado,150.000 €,Braga,Braga,Braga (São José de São Lázaro e São João do Souto),314190256
Terreno Para Construção,Venda,Terreno Para Construção,N/D,96.500 €,Braga,Braga,Palmeira,260190191
Moradia 2 quartos,Venda,Moradia,Novo,110.000 €,Braga,Braga,Braga (São Vítor),285190170
Prédio 2 quartos,Venda,Prédio,Usado,200.000 €,Braga,Braga,"Braga (Maximinos, Sé e Cividade)",260190187
Lote,Venda,Lote,N/D,239.000 €,Braga,Braga,Mire de Tibães,260190186
Lote,Venda,Lote,N/D,64.000 €,Braga,Braga,Mire de Tibães,260190185
Lote,Venda,Lote,N/D,60.000 €,Braga,Braga,Mire de Tibães,260190184
Lote,Venda,Lote,N/D,51.000 €,Braga,Braga,Mire de Tibães,260190183
Lote,Venda,Lote,N/D,71.000 €,Braga,Braga,Mire de Tibães,260190182
Loja,Venda,Loja,Usado,138.000 €,Braga,Braga,"Nogueira, Fraião e Lamaçães",314190250
Apartamento 3 quartos,Venda,Apartamento,Novo,349.000 €,Braga,Braga,"Braga (Maximinos, Sé e Cividade)",260190181
Lote,Venda,Lote,N/D,73.000 €,Braga,Braga,Lamas,260190180
Apartamento 3 quartos,Venda,Apartamento,Usado,182.500 €,Braga,Braga,"Nogueira, Fraião e Lamaçães",285190169
Moradia em Banda 3 quartos,Venda,Moradia em Banda,Usado,415.000 €,Braga,Braga,"Nogueira, Fraião e Lamaçães",314190244
Apartamento 2 quartos,Venda,Apartamento,Renovado,140.000 €,Braga,Braga,Braga (São Vítor),285190168
Moradia em Banda 3 quartos,Venda,Moradia em Banda,Novo,415.000 €,Braga,Braga,"Nogueira, Fraião e Lamaçães",285190167
Loja,Venda,Loja,Usado,99.000 €,Braga,Braga,Braga (São Vítor),285190166
Moradia,Venda,Moradia,Usado,190.000 €,Braga,Braga,Braga (São Vítor),285190165
Apartamento 3 quartos,Venda,Apartamento,Novo,280.000 €,Braga,Braga,"Nogueira, Fraião e Lamaçães",314190241
Apartamento 4 quartos,Venda,Apartamento,Usado,176.000 €,Braga,Braga,Braga (São Vítor),285190163
Apartamento 3 quartos,Venda,Apartamento,Usado,140.000 €,Braga,Braga,Braga (São José de São Lázaro e São João do Souto),314190239
Apartamento Estúdio,Venda,Apartamento,Planta,110.000 €,Braga,Braga,Braga (São Vítor),285190161
Lote,Venda,Lote,N/D,70.308 €,Braga,Braga,Este (São Pedro e São Mamede),285190159
Lote,Venda,Lote,N/D,69.714 €,Braga,Braga,Este (São Pedro e São Mamede),285190158
Lote,Venda,Lote,N/D,70.632 €,Braga,Braga,Este (São Pedro e São Mamede),285190157
Lote,Venda,Lote,N/D,70.686 €,Braga,Braga,Este (São Pedro e São Mamede),285190156
Lote,Venda,Lote,N/D,69.390 €,Braga,Braga,Este (São Pedro e São Mamede),285190155
Lote,Venda,Lote,N/D,73.644 €,Braga,Braga,Este (São Pedro e São Mamede),285190154
Lote,Venda,Lote,N/D,110.238 €,Braga,Braga,Este (São Pedro e São Mamede),285190153
Lote,Venda,Lote,N/D,62.634 €,Braga,Braga,Este (São Pedro e São Mamede),285190152
Terreno Para Construção,Venda,Terreno Para Construção,N/D,115.000 €,Braga,Braga,"Nogueira, Fraião e Lamaçães",314190238
Loteamento,Venda,Loteamento,N/D,300.000 €,Braga,Braga,Gualtar,285190149
Lote,Venda,Lote,N/D,77.500 €,Braga,Braga,Gualtar,285190148
Lote,Venda,Lote,N/D,87.500 €,Braga,Braga,Gualtar,285190147
Lote,Venda,Lote,N/D,77.500 €,Braga,Braga,Gualtar,285190146
Lote,Venda,Lote,N/D,77.500 €,Braga,Braga,Gualtar,285190145
Apartamento 2 quartos,Venda,Apartamento,Usado,137.500 €,Braga,Braga,Braga (São Vítor),285190144
Apartamento 2 quartos,Venda,Apartamento,Usado,120.000 €,Braga,Braga,Braga (São Vítor),285190143
Moradia Geminada 5 quartos,Venda,Moradia Geminada,Usado,250.000 €,Braga,Braga,"Nogueira, Fraião e Lamaçães",314190231
Apartamento 3 quartos,Venda,Apartamento,Usado,99.900 €,Braga,Braga,"Braga (Maximinos, Sé e Cividade)",260190175
Moradia Geminada 4 quartos,Venda,Moradia Geminada,Construção,360.000 €,Braga,Braga,"Celeirós, Aveleda e Vimieiro",260190174
Moradia 3 quartos,Venda,Moradia,Usado,65.000 €,Braga,Braga,Braga (São Vítor),285190139
Moradia Isolada 4 quartos,Venda,Moradia Isolada,Planta,425.000 €,Braga,Braga,"Real, Dume e Semelhe",260190171
Terreno Para Construção,Venda,Terreno Para Construção,N/D,320.000 €,Braga,Braga,Morreira e Trandeiras,314190211
Apartamento 2 quartos,Venda,Apartamento,Usado,122.000 €,Braga,Braga,"Nogueira, Fraião e Lamaçães",285190130
Armazém,Venda,Armazém,Usado,180.000 €,Braga,Braga,Sequeira,260190169
Loja,Venda,Loja,Usado,69.000 €,Braga,Braga,Braga (São Vicente),314190206
Apartamento 2 quartos,Venda,Apartamento,Usado,93.500 €,Braga,Braga,Lomar e Arcos,314190205
Moradia Isolada 5 quartos,Venda,Moradia Isolada,Usado,460.000 €,Braga,Braga,"Nogueira, Fraião e Lamaçães",314190202
Apartamento Estúdio,Venda,Apartamento,Novo,105.000 €,Braga,Braga,Braga (São José de São Lázaro e São João do Souto),314190201
Terreno Rústico,Venda,Terreno Rústico,N/D,130.000 €,Braga,Braga,Este (São Pedro e São Mamede),285190124
Terreno Para Construção,Venda,Terreno Para Construção,N/D,Sob Consulta,Braga,Braga,Adaúfe,285190121
Terreno,Venda,Terreno,N/D,69.500 €,Braga,Braga,Este (São Pedro e São Mamede),285190120
Apartamento 2 quartos,Venda,Apartamento,Usado,120.000 €,Braga,Braga,Braga (São José de São Lázaro e São João do Souto),314190199
Apartamento 2 quartos,Venda,Apartamento,Usado,92.000 €,Braga,Braga,"Braga (Maximinos, Sé e Cividade)",260190157
Apartamento 3 quartos,Venda,Apartamento,Novo,240.000 €,Braga,Braga,Nogueiró e Tenões,314190196
Apartamento 3 quartos,Venda,Apartamento,Novo,235.000 €,Braga,Braga,Nogueiró e Tenões,314190195
Apartamento 3 quartos,Venda,Apartamento,Novo,230.000 €,Braga,Braga,Nogueiró e Tenões,314190194
Apartamento 3 quartos,Venda,Apartamento,Novo,225.000 €,Braga,Braga,Nogueiró e Tenões,314190193
Armazém,Venda,Armazém,Usado,62.000 €,Braga,Braga,"Braga (Maximinos, Sé e Cividade)",260190151
Apartamento 2 quartos,Venda,Apartamento,Usado,69.000 €,Braga,Braga,"Braga (Maximinos, Sé e Cividade)",260190148
Apartamento 3 quartos,Venda,Apartamento,Usado,75.000 €,Braga,Braga,"Braga (Maximinos, Sé e Cividade)",260190147
Apartamento 2 quartos,Venda,Apartamento,Construção,302.500 €,Braga,Braga,"Braga (Maximinos, Sé e Cividade)",260190141
Apartamento 2 quartos,Venda,Apartamento,Construção,282.500 €,Braga,Braga,"Braga (Maximinos, Sé e Cividade)",260190140
Moradia em Banda 3 quartos,Venda,Moradia em Banda,Novo,Sob Consulta,Braga,Braga,Gualtar,285190117
Moradia em Banda 3 quartos,Venda,Moradia em Banda,Novo,369.500 €,Braga,Braga,Gualtar,285190116
Moradia em Banda 3 quartos,Venda,Moradia em Banda,Novo,Sob Consulta,Braga,Braga,Gualtar,285190115
Moradia em Banda 3 quartos,Venda,Moradia em Banda,Novo,369.500 €,Braga,Braga,Gualtar,285190114
Moradia em Banda 3 quartos,Venda,Moradia em Banda,Novo,Sob Consulta,Braga,Braga,Gualtar,285190113
Lote,Venda,Lote,N/D,235.000 €,Braga,Braga,"Nogueira, Fraião e Lamaçães",285190112
Lote,Venda,Lote,N/D,190.000 €,Braga,Braga,"Nogueira, Fraião e Lamaçães",285190111
Lote,Venda,Lote,N/D,140.000 €,Braga,Braga,"Nogueira, Fraião e Lamaçães",285190110
Lote,Venda,Lote,N/D,150.000 €,Braga,Braga,"Nogueira, Fraião e Lamaçães",285190109
Lote,Venda,Lote,N/D,130.000 €,Braga,Braga,"Nogueira, Fraião e Lamaçães",285190108
Lote,Venda,Lote,N/D,135.000 €,Braga,Braga,"Nogueira, Fraião e Lamaçães",285190107
Lote,Venda,Lote,N/D,73.000 €,Braga,Braga,"Merelim (São Paio), Panoias e Parada de Tibães",260190137
Apartamento 3 quartos,Venda,Apartamento,Novo,208.000 €,Braga,Braga,Gualtar,285190105
Apartamento 2 quartos,Venda,Apartamento,Novo,157.000 €,Braga,Braga,Gualtar,285190104
Apartamento 1 quarto,Venda,Apartamento,Novo,113.000 €,Braga,Braga,Gualtar,285190103
Apartamento 3 quartos,Venda,Apartamento,Novo,188.000 €,Braga,Braga,Gualtar,285190102
Apartamento 3 quartos,Venda,Apartamento,Novo,205.000 €,Braga,Braga,Gualtar,285190101
Apartamento 3 quartos,Venda,Apartamento,Novo,202.000 €,Braga,Braga,Gualtar,285190100
Apartamento 3 quartos,Venda,Apartamento,Novo,192.000 €,Braga,Braga,Gualtar,285190099
Apartamento 1 quarto,Venda,Apartamento,Novo,113.000 €,Braga,Braga,Gualtar,285190098
Apartamento 1 quarto,Venda,Apartamento,Novo,113.000 €,Braga,Braga,Gualtar,285190097
Apartamento 1 quarto,Venda,Apartamento,Novo,108.000 €,Braga,Braga,Gualtar,285190096
Apartamento 1 quarto,Venda,Apartamento,Novo,108.000 €,Braga,Braga,Gualtar,285190095
Apartamento 2 quartos,Venda,Apartamento,Novo,157.000 €,Braga,Braga,Gualtar,285190094
Apartamento 2 quartos,Venda,Apartamento,Novo,152.000 €,Braga,Braga,Gualtar,285190093
Apartamento 2 quartos,Venda,Apartamento,Novo,152.000 €,Braga,Braga,Gualtar,285190092
Apartamento 2 quartos,Venda,Apartamento,Novo,145.000 €,Braga,Braga,Gualtar,285190091
Lote,Venda,Lote,N/D,55.000 €,Braga,Braga,Mire de Tibães,260190136
Moradia Geminada 4 quartos,Venda,Moradia Geminada,Construção,369.900 €,Braga,Braga,Palmeira,260190135
Moradia Geminada 4 quartos,Venda,Moradia Geminada,Construção,369.900 €,Braga,Braga,Palmeira,260190134
Apartamento 3 quartos,Venda,Apartamento,Usado,142.500 €,Braga,Braga,Ferreiros e Gondizalves,260190129
Armazém,Venda,Armazém,Usado,128.000 €,Braga,Braga,Lomar e Arcos,314190176
Loja,Venda,Loja,Usado,57.000 €,Braga,Braga,Braga (São Vítor),285190086
Moradia Isolada 4 quartos,Venda,Moradia Isolada,Usado,225.000 €,Braga,Braga,Palmeira,260190126
Apartamento 3 quartos,Venda,Apartamento,Usado,119.900 €,Braga,Braga,Ferreiros e Gondizalves,260190125
Moradia em Banda 3 quartos,Venda,Moradia em Banda,Construção,240.000 €,Braga,Braga,"Real, Dume e Semelhe",314190164
Moradia em Banda 3 quartos,Venda,Moradia em Banda,Construção,240.000 €,Braga,Braga,"Real, Dume e Semelhe",314190163
Moradia em Banda 3 quartos,Venda,Moradia em Banda,Construção,240.000 €,Braga,Braga,"Real, Dume e Semelhe",314190162
Moradia em Banda 4 quartos,Venda,Moradia em Banda,Construção,240.000 €,Braga,Braga,"Real, Dume e Semelhe",314190161
Apartamento 3 quartos,Venda,Apartamento,Usado,117.500 €,Braga,Braga,Braga (São Vítor),285190083
Moradia Geminada 4 quartos,Venda,Moradia Geminada,Usado,289.000 €,Braga,Braga,Palmeira,260190123
Duplex 3 quartos,Venda,Duplex,Renovado,245.000 €,Braga,Braga,Braga (São Vítor),285190081
Lote,Venda,Lote,N/D,57.000 €,Braga,Braga,Adaúfe,285190080
Apartamento 2 quartos,Venda,Apartamento,Novo,125.000 €,Braga,Braga,"Braga (Maximinos, Sé e Cividade)",260190122
Lote,Venda,Lote,N/D,140.000 €,Braga,Braga,Gualtar,285190075
Apartamento 2 quartos,Venda,Apartamento,Usado,116.000 €,Braga,Braga,Braga (São Vicente),314190157
Apartamento 3 quartos,Venda,Apartamento,Usado,127.500 €,Braga,Braga,Braga (São Vítor),285190072
Loja,Venda,Loja,Construção,71.000 €,Braga,Braga,Merelim (São Pedro) e Frossos,260190116
Andar Moradia 6 quartos,Venda,Andar Moradia,Usado,185.000 €,Braga,Braga,Este (São Pedro e São Mamede),285190070
Apartamento 3 quartos,Venda,Apartamento,Usado,102.000 €,Braga,Braga,Ferreiros e Gondizalves,260190112
Apartamento 3 quartos,Venda,Apartamento,Usado,89.000 €,Braga,Braga,"Braga (Maximinos, Sé e Cividade)",314190151
Apartamento 3 quartos,Venda,Apartamento,Usado,119.000 €,Braga,Braga,Ferreiros e Gondizalves,260190109
Loja,Venda,Loja,Usado,80.000 €,Braga,Braga,Braga (São Vítor),285190069
Apartamento 2 quartos,Venda,Apartamento,Usado,125.000 €,Braga,Braga,Braga (São José de São Lázaro e São João do Souto),314190132
Apartamento 3 quartos,Venda,Apartamento,Usado,119.000 €,Braga,Braga,"Braga (Maximinos, Sé e Cividade)",260190099
Loja,Venda,Loja,Usado,81.000 €,Braga,Braga,"Braga (Maximinos, Sé e Cividade)",260190097
Moradia 4 quartos,Venda,Moradia,Construção,166.000 €,Braga,Braga,Gualtar,285190064
Moradia em Banda 4 quartos,Venda,Moradia em Banda,Usado,150.000 €,Braga,Braga,Palmeira,260190096
Apartamento 2 quartos,Venda,Apartamento,Usado,78.000 €,Braga,Braga,"Braga (Maximinos, Sé e Cividade)",260190094
Apartamento 3 quartos,Venda,Apartamento,Novo,180.000 €,Braga,Braga,"Braga (Maximinos, Sé e Cividade)",260190092
Moradia Isolada 3 quartos,Venda,Moradia Isolada,Novo,106.000 €,Braga,Braga,Espinho,285190062
Moradia Geminada 4 quartos,"Venda, Arrendamento",Moradia Geminada,Usado,495.000 €,Braga,Braga,Braga (São Vítor),285190059
Loja,Venda,Loja,Usado,95.000 €,Braga,Braga,Braga (São Vítor),285190058
Loja,Venda,Loja,Usado,49.000 €,Braga,Braga,"Braga (Maximinos, Sé e Cividade)",260190082
Apartamento Estúdio,Venda,Apartamento,Planta,115.000 €,Braga,Braga,Braga (São Vicente),314190109
Apartamento 1 quarto,Venda,Apartamento,Planta,170.000 €,Braga,Braga,Braga (São Vicente),314190108
Apartamento Estúdio,Venda,Apartamento,Planta,110.000 €,Braga,Braga,Braga (São Vicente),314190107
Apartamento 1 quarto,Venda,Apartamento,Planta,165.000 €,Braga,Braga,Braga (São Vicente),314190106
Apartamento Estúdio,Venda,Apartamento,Planta,130.000 €,Braga,Braga,Braga (São Vicente),314190105
Apartamento Estúdio,Venda,Apartamento,Planta,120.000 €,Braga,Braga,Braga (São Vicente),314190104
Apartamento 2 quartos,Venda,Apartamento,Planta,250.000 €,Braga,Braga,Braga (São Vicente),314190103
Apartamento 1 quarto,Venda,Apartamento,Planta,140.000 €,Braga,Braga,Braga (São Vicente),314190102
Apartamento 1 quarto,Venda,Apartamento,Planta,170.000 €,Braga,Braga,Braga (São Vicente),314190101
Apartamento 1 quarto,Venda,Apartamento,Planta,165.000 €,Braga,Braga,Braga (São Vicente),314190100
Apartamento 1 quarto,Venda,Apartamento,Planta,170.000 €,Braga,Braga,Braga (São Vicente),314190099
Apartamento 1 quarto,Venda,Apartamento,Planta,160.000 €,Braga,Braga,Braga (São Vicente),314190098
Apartamento Estúdio,Venda,Apartamento,Planta,140.000 €,Braga,Braga,Braga (São Vicente),314190097
Apartamento Estúdio,Venda,Apartamento,Planta,135.000 €,Braga,Braga,Braga (São Vicente),314190096
Apartamento Estúdio,Venda,Apartamento,Planta,130.000 €,Braga,Braga,Braga (São Vicente),314190095
Loja,Venda,Loja,Novo,54.000 €,Braga,Braga,Braga (São Vítor),285190053
Loja,Venda,Loja,Usado,68.000 €,Braga,Braga,Braga (São Vítor),285190051
Loja,Venda,Loja,Usado,73.000 €,Braga,Braga,Braga (São Vítor),285190050
Apartamento 3 quartos,Venda,Apartamento,Usado,Sob Consulta,Braga,Braga,"Nogueira, Fraião e Lamaçães",285190049
Terreno com ruina,Venda,Terreno com ruina,N/D,150.000 €,Braga,Braga,Ferreiros e Gondizalves,260190078
Loja,Venda,Loja,Novo,40.000 €,Braga,Braga,Gualtar,285190046
Terreno Para Construção,Venda,Terreno Para Construção,N/D,155.000 €,Braga,Braga,Tebosa,260190077
Moradia,Venda,Moradia,Construção,38.000 €,Braga,Braga,Crespos e Pousada,285190045
Moradia 3 quartos,Venda,Moradia,Usado,150.000 €,Braga,Braga,Braga (São Vítor),285190042
Apartamento 2 quartos,Venda,Apartamento,Planta,192.760 €,Braga,Braga,"Nogueira, Fraião e Lamaçães",314190088
Apartamento 3 quartos,Venda,Apartamento,Planta,264.060 €,Braga,Braga,"Nogueira, Fraião e Lamaçães",314190087
Apartamento 3 quartos,Venda,Apartamento,Planta,272.000 €,Braga,Braga,"Nogueira, Fraião e Lamaçães",314190086
Apartamento 3 quartos,Venda,Apartamento,Planta,265.200 €,Braga,Braga,"Nogueira, Fraião e Lamaçães",314190085
Apartamento 3 quartos,Venda,Apartamento,Planta,255.910 €,Braga,Braga,"Nogueira, Fraião e Lamaçães",314190084
Apartamento 3 quartos,Venda,Apartamento,Planta,263.500 €,Braga,Braga,"Nogueira, Fraião e Lamaçães",314190083
Apartamento 3 quartos,Venda,Apartamento,Planta,261.800 €,Braga,Braga,"Nogueira, Fraião e Lamaçães",314190082
Apartamento 3 quartos,Venda,Apartamento,Planta,246.130 €,Braga,Braga,"Nogueira, Fraião e Lamaçães",314190081
Apartamento 3 quartos,Venda,Apartamento,Planta,253.300 €,Braga,Braga,"Nogueira, Fraião e Lamaçães",314190080
Apartamento 3 quartos,Venda,Apartamento,Planta,236.350 €,Braga,Braga,"Nogueira, Fraião e Lamaçães",314190079
Apartamento 3 quartos,Venda,Apartamento,Planta,244.800 €,Braga,Braga,"Nogueira, Fraião e Lamaçães",314190078
Apartamento 3 quartos,Venda,Apartamento,Planta,256.700 €,Braga,Braga,"Nogueira, Fraião e Lamaçães",314190077
Apartamento 2 quartos,Venda,Apartamento,Planta,181.780 €,Braga,Braga,"Nogueira, Fraião e Lamaçães",314190076
Apartamento 3 quartos,Venda,Apartamento,Planta,241.240 €,Braga,Braga,"Nogueira, Fraião e Lamaçães",314190075
Apartamento 3 quartos,Venda,Apartamento,Planta,248.200 €,Braga,Braga,"Nogueira, Fraião e Lamaçães",314190074
Apartamento 3 quartos,Venda,Apartamento,Planta,248.200 €,Braga,Braga,"Nogueira, Fraião e Lamaçães",314190073
Apartamento 2 quartos,Venda,Apartamento,Planta,178.120 €,Braga,Braga,"Nogueira, Fraião e Lamaçães",314190072
Apartamento 3 quartos,Venda,Apartamento,Planta,238.000 €,Braga,Braga,"Nogueira, Fraião e Lamaçães",314190071
Apartamento 2 quartos,Venda,Apartamento,Planta,170.800 €,Braga,Braga,"Nogueira, Fraião e Lamaçães",314190070
Apartamento 3 quartos,Venda,Apartamento,Planta,226.570 €,Braga,Braga,"Nogueira, Fraião e Lamaçães",314190069
Apartamento 3 quartos,Venda,Apartamento,Planta,238.000 €,Braga,Braga,"Nogueira, Fraião e Lamaçães",314190068
Loja,Venda,Loja,Usado,43.000 €,Braga,Braga,Gualtar,285190040
Lote,Venda,Lote,N/D,44.000 €,Braga,Braga,Mire de Tibães,260190068
Lote,Venda,Lote,N/D,37.500 €,Braga,Braga,Este (São Pedro e São Mamede),285190038
Lote,Venda,Lote,N/D,37.500 €,Braga,Braga,Este (São Pedro e São Mamede),285190037
Apartamento 3 quartos,Venda,Apartamento,Usado,88.000 €,Braga,Braga,"Braga (Maximinos, Sé e Cividade)",260190064
Apartamento 3 quartos,Venda,Apartamento,Construção,207.500 €,Braga,Braga,"Real, Dume e Semelhe",314190065
Apartamento 3 quartos,Venda,Apartamento,Construção,207.500 €,Braga,Braga,"Real, Dume e Semelhe",314190063
Apartamento 3 quartos,Venda,Apartamento,Construção,197.500 €,Braga,Braga,"Real, Dume e Semelhe",314190055
Apartamento 3 quartos,Venda,Apartamento,Construção,190.000 €,Braga,Braga,"Real, Dume e Semelhe",314190051
Apartamento 3 quartos,Venda,Apartamento,Construção,179.000 €,Braga,Braga,"Real, Dume e Semelhe",314190050
Apartamento 3 quartos,Venda,Apartamento,Construção,187.500 €,Braga,Braga,"Real, Dume e Semelhe",314190049
Apartamento 3 quartos,Venda,Apartamento,Construção,187.500 €,Braga,Braga,"Real, Dume e Semelhe",314190047
Apartamento 3 quartos,Venda,Apartamento,Construção,185.000 €,Braga,Braga,"Real, Dume e Semelhe",314190045
Lote,Venda,Lote,N/D,97.000 €,Braga,Braga,Tadim,260190061
Lote,Venda,Lote,N/D,99.000 €,Braga,Braga,Tadim,260190060
Lote,Venda,Lote,N/D,49.000 €,Braga,Braga,Tadim,260190059
Lote,Venda,Lote,N/D,49.000 €,Braga,Braga,Tadim,260190058
Lote,Venda,Lote,N/D,49.000 €,Braga,Braga,Tadim,260190057
Lote,Venda,Lote,N/D,49.000 €,Braga,Braga,Tadim,260190056
Lote,Venda,Lote,N/D,49.000 €,Braga,Braga,Tadim,260190055
Lote,Venda,Lote,N/D,49.000 €,Braga,Braga,Tadim,260190054
Lote,Venda,Lote,N/D,49.000 €,Braga,Braga,Tadim,260190053
Lote,Venda,Lote,N/D,49.000 €,Braga,Braga,Tadim,260190052
Lote,Venda,Lote,N/D,49.000 €,Braga,Braga,Tadim,260190051
Lote,Venda,Lote,N/D,59.000 €,Braga,Braga,Tadim,260190050
Lote,Venda,Lote,N/D,49.000 €,Braga,Braga,Tadim,260190049
Lote,Venda,Lote,N/D,47.500 €,Braga,Braga,Tadim,260190048
Lote,Venda,Lote,N/D,47.500 €,Braga,Braga,Tadim,260190047
Lote,Venda,Lote,N/D,47.500 €,Braga,Braga,Tadim,260190046
Lote,Venda,Lote,N/D,47.500 €,Braga,Braga,Tadim,260190045
Lote,Venda,Lote,N/D,47.500 €,Braga,Braga,Tadim,260190044
Moradia 5 quartos,Venda,Moradia,Usado,400.000 €,Braga,Braga,Braga (São Vítor),285190033
Apartamento 2 quartos,Venda,Apartamento,Novo,115.000 €,Braga,Braga,Braga (São Vítor),285190032
Moradia em Banda 4 quartos,Venda,Moradia em Banda,Usado,189.000 €,Braga,Braga,"Real, Dume e Semelhe",260190042
Apartamento 4 quartos,Venda,Apartamento,Usado,159.000 €,Braga,Braga,Ferreiros e Gondizalves,260190040
Moradia em Banda 3 quartos,Venda,Moradia em Banda,Construção,269.000 €,Braga,Braga,"Nogueira, Fraião e Lamaçães",314190041
Prédio 4 quartos,Venda,Prédio,Usado,175.000 €,Braga,Braga,"Braga (Maximinos, Sé e Cividade)",260190038
Garagem,Venda,Garagem,Usado,7.000 €,Braga,Braga,Braga (São Vítor),285190026
Moradia Geminada 2 quartos,Venda,Moradia Geminada,Usado,50.000 €,Braga,Braga,Ferreiros e Gondizalves,260190036
Apartamento 2 quartos,Venda,Apartamento,Usado,98.000 €,Braga,Braga,"Braga (Maximinos, Sé e Cividade)",260190035
Moradia Geminada 4 quartos,Venda,Moradia Geminada,Usado,75.000 €,Braga,Braga,Palmeira,260190034
Apartamento 3 quartos,Venda,Apartamento,Usado,125.000 €,Braga,Braga,Ferreiros e Gondizalves,260190031
Loja,Venda,Loja,Novo,96.600 €,Braga,Braga,"Braga (Maximinos, Sé e Cividade)",260190023
Loja,Venda,Loja,Novo,38.800 €,Braga,Braga,"Braga (Maximinos, Sé e Cividade)",260190022
Loja,Venda,Loja,Novo,57.800 €,Braga,Braga,"Braga (Maximinos, Sé e Cividade)",260190021
Loja,Venda,Loja,Novo,62.700 €,Braga,Braga,"Braga (Maximinos, Sé e Cividade)",260190020
Quintinha 4 quartos,Venda,Quintinha,N/D,920.000 €,Braga,Braga,Palmeira,260190019
Terreno Para Construção,Venda,Terreno Para Construção,N/D,43.500 €,Braga,Braga,Espinho,285190012
Terreno,Venda,Terreno,N/D,185.000 €,Braga,Braga,Esporões,314190025
Terreno,Venda,Terreno,N/D,95.000 €,Braga,Braga,Esporões,314190024
Terreno,Venda,Terreno,N/D,66.500 €,Braga,Braga,Esporões,314190023
Terreno,Venda,Terreno,N/D,68.500 €,Braga,Braga,Esporões,314190022
Moradia em Banda 4 quartos,Venda,Moradia em Banda,Construção,150.000 €,Braga,Braga,"Nogueira, Fraião e Lamaçães",314190009
Lote,Venda,Lote,N/D,78.000 €,Braga,Braga,"Nogueira, Fraião e Lamaçães",314190005
Moradia em Banda 3 quartos,Venda,Moradia em Banda,Construção,95.000 €,Braga,Braga,Esporões,314190002
Terreno,Venda,Terreno,N/D,75.000 €,Braga,Braga,Merelim (São Pedro) e Frossos,260180417
Terreno,Venda,Terreno,N/D,52.000 €,Braga,Braga,Ruilhe,260180416
Terreno Para Construção,Venda,Terreno Para Construção,N/D,55.000 €,Braga,Braga,Ruilhe,260180415
Apartamento 3 quartos,Venda,Apartamento,Novo,Sob Consulta,Braga,Braga,"Braga (Maximinos, Sé e Cividade)",314180338
Apartamento 3 quartos,Venda,Apartamento,Usado,95.000 €,Braga,Braga,"Braga (Maximinos, Sé e Cividade)",260180414
Lote,Venda,Lote,N/D,67.500 €,Braga,Braga,"Nogueira, Fraião e Lamaçães",314180332
Apartamento 3 quartos,Venda,Apartamento,Usado,92.000 €,Braga,Braga,"Braga (Maximinos, Sé e Cividade)",260180411
Armazém,Venda,Armazém,Usado,3.200.000 €,Braga,Braga,Padim da Graça,260180410
Terreno,Venda,Terreno,N/D,30.000 €,Braga,Braga,Ruilhe,260180409
Lote,Venda,Lote,N/D,100.000 €,Braga,Braga,Gualtar,285180217
Apartamento 3 quartos,Venda,Apartamento,Usado,119.000 €,Braga,Braga,"Braga (Maximinos, Sé e Cividade)",260180408
Lote,Venda,Lote,N/D,79.900 €,Braga,Braga,Figueiredo,260180407
Moradia Isolada 4 quartos,Venda,Moradia Isolada,Usado,480.000 €,Braga,Braga,Este (São Pedro e São Mamede),285180216
Apartamento 3 quartos,Venda,Apartamento,Usado,89.000 €,Braga,Braga,"Braga (Maximinos, Sé e Cividade)",260180402
Lote,Venda,Lote,N/D,140.000 €,Braga,Braga,"Nogueira, Fraião e Lamaçães",314180309
Lote,Venda,Lote,N/D,127.000 €,Braga,Braga,"Nogueira, Fraião e Lamaçães",314180308
Lote,Venda,Lote,N/D,121.000 €,Braga,Braga,"Nogueira, Fraião e Lamaçães",314180307
Lote,Venda,Lote,N/D,130.000 €,Braga,Braga,"Nogueira, Fraião e Lamaçães",314180306
Apartamento 3 quartos,Venda,Apartamento,Construção,185.000 €,Braga,Braga,Gualtar,285180210
Apartamento 3 quartos,Venda,Apartamento,Construção,185.000 €,Braga,Braga,Gualtar,285180208
Apartamento 2 quartos,Venda,Apartamento,Construção,Sob Consulta,Braga,Braga,Gualtar,285180206
Apartamento 2 quartos,Venda,Apartamento,Construção,145.000 €,Braga,Braga,Gualtar,285180205
Apartamento 3 quartos,Venda,Apartamento,Construção,185.000 €,Braga,Braga,Gualtar,285180202
Terreno,Venda,Terreno,N/D,68.000 €,Braga,Braga,Palmeira,260180390
Moradia Isolada 2 quartos,Venda,Moradia Isolada,Usado,95.000 €,Braga,Braga,Palmeira,260180389
Terreno Para Construção,Venda,Terreno Para Construção,N/D,110.000 €,Braga,Braga,Ferreiros e Gondizalves,260180388
Terreno Para Construção,Venda,Terreno Para Construção,N/D,880.000 €,Braga,Braga,"Celeirós, Aveleda e Vimieiro",260180381
Loja,Venda,Loja,Usado,95.000 €,Braga,Braga,"Celeirós, Aveleda e Vimieiro",260180378
Armazém,Venda,Armazém,Usado,145.000 €,Braga,Braga,"Celeirós, Aveleda e Vimieiro",260180377
Armazém,Venda,Armazém,Usado,145.000 €,Braga,Braga,"Celeirós, Aveleda e Vimieiro",260180376
Terreno Misto,Venda,Terreno Misto,N/D,245.000 €,Braga,Braga,Tebosa,260180373
Moradia Isolada 3 quartos,Venda,Moradia Isolada,Usado,Sob Consulta,Braga,Braga,Este (São Pedro e São Mamede),285180195
Prédio,Venda,Prédio,Novo,480.000 €,Braga,Braga,"Braga (Maximinos, Sé e Cividade)",260180371
Moradia 4 quartos,Venda,Moradia,Construção,163.500 €,Braga,Braga,Escudeiros e Penso (Santo Estêvão e São Vicente),260180370
Apartamento 3 quartos,Venda,Apartamento,Usado,69.000 €,Braga,Braga,Ferreiros e Gondizalves,260180367
Apartamento 1 quarto,Venda,Apartamento,Novo,100.000 €,Braga,Braga,"Braga (Maximinos, Sé e Cividade)",260180366
Apartamento 1 quarto,Venda,Apartamento,Novo,100.000 €,Braga,Braga,"Braga (Maximinos, Sé e Cividade)",260180365
Apartamento 1 quarto,Venda,Apartamento,Novo,115.000 €,Braga,Braga,"Braga (Maximinos, Sé e Cividade)",260180364
Duplex 2 quartos,Venda,Duplex,Novo,135.000 €,Braga,Braga,"Braga (Maximinos, Sé e Cividade)",260180363
Apartamento 4 quartos,Venda,Apartamento,Usado,395.000 €,Braga,Braga,Braga (São Vítor),285180192
Apartamento 1 quarto,Venda,Apartamento,Novo,100.000 €,Braga,Braga,"Braga (Maximinos, Sé e Cividade)",260180362
Apartamento Estúdio,Venda,Apartamento,Novo,85.000 €,Braga,Braga,"Braga (Maximinos, Sé e Cividade)",260180359
Prédio,Venda,Prédio,Usado,1.800.000 €,Braga,Braga,Braga (São José de São Lázaro e São João do Souto),285180191
Terreno,Venda,Terreno,N/D,42.000 €,Braga,Braga,Cabreiros e Passos (São Julião),260180357
Apartamento 4 quartos,Venda,Apartamento,Construção,363.000 €,Braga,Braga,"Nogueira, Fraião e Lamaçães",314180266
Apartamento 4 quartos,Venda,Apartamento,Construção,355.000 €,Braga,Braga,"Nogueira, Fraião e Lamaçães",314180265
Apartamento 4 quartos,Venda,Apartamento,Construção,300.000 €,Braga,Braga,"Nogueira, Fraião e Lamaçães",314180264
Apartamento 4 quartos,Venda,Apartamento,Construção,359.000 €,Braga,Braga,"Nogueira, Fraião e Lamaçães",314180263
Armazém,Venda,Armazém,Usado,785.000 €,Braga,Braga,"Celeirós, Aveleda e Vimieiro",260180353
Moradia Rústica,Venda,Moradia Rústica,N/D,149.500 €,Braga,Braga,"Braga (Maximinos, Sé e Cividade)",260180351
Terreno Para Construção,Venda,Terreno Para Construção,N/D,131.500 €,Braga,Braga,"Real, Dume e Semelhe",314180257
Moradia Isolada 3 quartos,Venda,Moradia Isolada,Novo,170.000 €,Braga,Braga,Ruilhe,260180348
Apartamento 3 quartos,Venda,Apartamento,Usado,85.000 €,Braga,Braga,Ferreiros e Gondizalves,260180346
Loja,Venda,Loja,Usado,28.000 €,Braga,Braga,Ferreiros e Gondizalves,260180342
Loja,Venda,Loja,Usado,75.000 €,Braga,Braga,"Braga (Maximinos, Sé e Cividade)",260180336
Apartamento 3 quartos,Venda,Apartamento,Usado,98.000 €,Braga,Braga,Ferreiros e Gondizalves,260180333
Apartamento 3 quartos,Venda,Apartamento,Construção,220.000 €,Braga,Braga,"Nogueira, Fraião e Lamaçães",314180242
Apartamento 3 quartos,Venda,Apartamento,Construção,243.750 €,Braga,Braga,"Nogueira, Fraião e Lamaçães",314180240
Apartamento 3 quartos,Venda,Apartamento,Construção,243.750 €,Braga,Braga,"Nogueira, Fraião e Lamaçães",314180239
Apartamento 3 quartos,Venda,Apartamento,Construção,190.000 €,Braga,Braga,"Nogueira, Fraião e Lamaçães",314180234
Terreno,Venda,Terreno,N/D,70.000 €,Braga,Braga,Ruilhe,260180321
Apartamento 1 quarto,Venda,Apartamento,Novo,95.500 €,Braga,Braga,"Braga (Maximinos, Sé e Cividade)",260180304
Apartamento 2 quartos,Venda,Apartamento,Novo,155.640 €,Braga,Braga,"Braga (Maximinos, Sé e Cividade)",260180303
Apartamento 2 quartos,Venda,Apartamento,Novo,159.800 €,Braga,Braga,"Braga (Maximinos, Sé e Cividade)",260180301
Apartamento 3 quartos,Venda,Apartamento,Novo,204.500 €,Braga,Braga,"Braga (Maximinos, Sé e Cividade)",260180298
Apartamento 2 quartos,Venda,Apartamento,Novo,162.900 €,Braga,Braga,"Braga (Maximinos, Sé e Cividade)",260180297
Apartamento 2 quartos,Venda,Apartamento,Novo,158.300 €,Braga,Braga,"Braga (Maximinos, Sé e Cividade)",260180291
Apartamento 3 quartos,Venda,Apartamento,Novo,204.500 €,Braga,Braga,"Braga (Maximinos, Sé e Cividade)",260180290
Apartamento 3 quartos,Venda,Apartamento,Novo,180.975 €,Braga,Braga,"Braga (Maximinos, Sé e Cividade)",260180272
Apartamento 2 quartos,Venda,Apartamento,Usado,93.000 €,Braga,Braga,Ferreiros e Gondizalves,260180261
Apartamento 2 quartos,Venda,Apartamento,Construção,195.000 €,Braga,Braga,"Nogueira, Fraião e Lamaçães",314180231
Apartamento 2 quartos,Venda,Apartamento,Construção,206.000 €,Braga,Braga,"Nogueira, Fraião e Lamaçães",314180230
Apartamento 2 quartos,Venda,Apartamento,Construção,182.000 €,Braga,Braga,"Nogueira, Fraião e Lamaçães",314180229
Moradia Isolada 2 quartos,Venda,Moradia Isolada,Usado,Sob Consulta,Braga,Braga,Palmeira,260180259
Moradia em Banda 6 quartos,Venda,Moradia em Banda,Usado,65.000 €,Braga,Braga,Merelim (São Pedro) e Frossos,260180256
Moradia Isolada 4 quartos,Venda,Moradia Isolada,Usado,575.000 €,Braga,Braga,"Braga (Maximinos, Sé e Cividade)",285180161
Loja,Venda,Loja,Usado,45.000 €,Braga,Braga,Braga (São Vítor),285180159
Moradia em Banda 4 quartos,Venda,Moradia em Banda,Construção,250.000 €,Braga,Braga,Merelim (São Pedro) e Frossos,260180242
Moradia em Banda 4 quartos,Venda,Moradia em Banda,Construção,235.000 €,Braga,Braga,Merelim (São Pedro) e Frossos,260180241
Lote,Venda,Lote,N/D,42.000 €,Braga,Braga,Escudeiros e Penso (Santo Estêvão e São Vicente),260180236
Apartamento 3 quartos,Venda,Apartamento,Usado,259.000 €,Braga,Braga,Nogueiró e Tenões,285180158
Moradia Isolada 3 quartos,Venda,Moradia Isolada,Usado,176.000 €,Braga,Braga,Palmeira,260180208
Moradia 5 quartos,Venda,Moradia,Usado,285.000 €,Braga,Braga,"Real, Dume e Semelhe",260180207
Lote,Venda,Lote,N/D,55.000 €,Braga,Braga,Merelim (São Pedro) e Frossos,260180202
Lote,Venda,Lote,N/D,55.000 €,Braga,Braga,Merelim (São Pedro) e Frossos,260180201
Lote,Venda,Lote,N/D,55.000 €,Braga,Braga,Merelim (São Pedro) e Frossos,260180200
Lote,Venda,Lote,N/D,55.000 €,Braga,Braga,Merelim (São Pedro) e Frossos,260180199
Lote,Venda,Lote,N/D,55.000 €,Braga,Braga,Merelim (São Pedro) e Frossos,260180198
Lote,Venda,Lote,N/D,75.000 €,Braga,Braga,Merelim (São Pedro) e Frossos,260180197
Lote,Venda,Lote,N/D,Sob Consulta,Braga,Braga,Merelim (São Pedro) e Frossos,260180196
Lote,Venda,Lote,N/D,65.000 €,Braga,Braga,Merelim (São Pedro) e Frossos,260180195
Moradia 4 quartos,Venda,Moradia,Usado,199.000 €,Braga,Braga,Lamas,260180193
Lote,Venda,Lote,N/D,60.000 €,Braga,Braga,Tadim,260180190
Lote,Venda,Lote,N/D,60.000 €,Braga,Braga,Tadim,260180189
Lote,Venda,Lote,N/D,60.000 €,Braga,Braga,Tadim,260180188
Lote,Venda,Lote,N/D,70.000 €,Braga,Braga,Tadim,260180187
Lote,Venda,Lote,N/D,55.000 €,Braga,Braga,Tadim,260180185
Apartamento 2 quartos,Venda,Apartamento,Usado,41.000 €,Braga,Braga,"Braga (Maximinos, Sé e Cividade)",260180181
Lote,Venda,Lote,N/D,285.000 €,Braga,Braga,Palmeira,260180178
Terreno Rústico,Venda,Terreno Rústico,N/D,57.500 €,Braga,Braga,Espinho,285180141
Loja,Venda,Loja,Construção,Sob Consulta,Braga,Braga,Gualtar,285180140
Moradia Rústica 6 quartos,Venda,Moradia Rústica,Usado,230.000 €,Braga,Braga,Espinho,285180138
Moradia 5 quartos,Venda,Moradia,Usado,950.000 €,Braga,Braga,"Nogueira, Fraião e Lamaçães",314180209
Lote,Venda,Lote,N/D,160.000 €,Braga,Braga,"Nogueira, Fraião e Lamaçães",314180195
Lote,Venda,Lote,N/D,100.000 €,Braga,Braga,"Nogueira, Fraião e Lamaçães",314180194
Lote,Venda,Lote,N/D,100.000 €,Braga,Braga,"Nogueira, Fraião e Lamaçães",314180193
Lote,Venda,Lote,N/D,90.000 €,Braga,Braga,"Nogueira, Fraião e Lamaçães",314180192
Lote,Venda,Lote,N/D,90.000 €,Braga,Braga,"Nogueira, Fraião e Lamaçães",314180191
Lote,Venda,Lote,N/D,90.000 €,Braga,Braga,"Nogueira, Fraião e Lamaçães",314180190
Apartamento 3 quartos,Venda,Apartamento,Usado,57.000 €,Braga,Braga,Ferreiros e Gondizalves,260180145
Terreno Para Construção,Venda,Terreno Para Construção,N/D,149.000 €,Braga,Braga,Arentim e Cunha,260180142
Apartamento 2 quartos,Venda,Apartamento,Usado,92.500 €,Braga,Braga,"Braga (Maximinos, Sé e Cividade)",260180141
Armazém,Venda,Armazém,Usado,78.000 €,Braga,Braga,Ferreiros e Gondizalves,260180140
Moradia em Banda 4 quartos,Venda,Moradia em Banda,Construção,245.000 €,Braga,Braga,Este (São Pedro e São Mamede),285180122
Loja,Venda,Loja,Usado,217.000 €,Braga,Braga,"Braga (Maximinos, Sé e Cividade)",260180136
Loja,Venda,Loja,Usado,199.500 €,Braga,Braga,"Braga (Maximinos, Sé e Cividade)",260180135
Loja,Venda,Loja,Usado,280.000 €,Braga,Braga,Braga (São Vítor),285180115
Loja,Venda,Loja,Usado,122.900 €,Braga,Braga,Braga (São Vítor),285180114
Apartamento 3 quartos,Venda,Apartamento,Usado,130.000 €,Braga,Braga,"Braga (Maximinos, Sé e Cividade)",260180128
Apartamento 3 quartos,Venda,Apartamento,Usado,139.500 €,Braga,Braga,Ferreiros e Gondizalves,260180127
Moradia Geminada 4 quartos,Venda,Moradia Geminada,Construção,220.000 €,Braga,Braga,"Real, Dume e Semelhe",260180125
Lote,Venda,Lote,N/D,50.000 €,Braga,Braga,Gualtar,285180111
Lote,Venda,Lote,N/D,50.000 €,Braga,Braga,Gualtar,285180110
Lote,Venda,Lote,N/D,50.000 €,Braga,Braga,Gualtar,285180109
Lote,Venda,Lote,N/D,60.000 €,Braga,Braga,Gualtar,285180108
Lote,Venda,Lote,N/D,60.000 €,Braga,Braga,Gualtar,285180107
Lote,Venda,Lote,N/D,60.000 €,Braga,Braga,Gualtar,285180106
Lote,Venda,Lote,N/D,66.500 €,Braga,Braga,Gualtar,285180105
Apartamento 3 quartos,Venda,Apartamento,Usado,55.000 €,Braga,Braga,"Braga (Maximinos, Sé e Cividade)",260180117
Loja,Venda,Loja,Usado,60.000 €,Braga,Braga,"Braga (Maximinos, Sé e Cividade)",260180113
Terreno Para Construção,Venda,Terreno Para Construção,N/D,1.200.000 €,Braga,Braga,Palmeira,260180105
Moradia Geminada 3 quartos,Venda,Moradia Geminada,Novo,330.000 €,Braga,Braga,Este (São Pedro e São Mamede),285180094
Lote,Venda,Lote,N/D,49.000 €,Braga,Braga,"Merelim (São Paio), Panoias e Parada de Tibães",260180101
Escritório,Venda,Escritório,Usado,99.500 €,Braga,Braga,"Braga (Maximinos, Sé e Cividade)",260180095
Apartamento 3 quartos,Venda,Apartamento,Usado,109.000 €,Braga,Braga,"Real, Dume e Semelhe",260180094
Moradia em Banda 3 quartos,Venda,Moradia em Banda,Construção,230.000 €,Braga,Braga,Palmeira,260180090
Lote,Venda,Lote,N/D,63.500 €,Braga,Braga,Este (São Pedro e São Mamede),285180087
Apartamento 3 quartos,Venda,Apartamento,Construção,224.000 €,Braga,Braga,"Nogueira, Fraião e Lamaçães",314180105
Apartamento 3 quartos,Venda,Apartamento,Construção,224.000 €,Braga,Braga,"Nogueira, Fraião e Lamaçães",314180104
Lote,Venda,Lote,N/D,52.000 €,Braga,Braga,"Merelim (São Paio), Panoias e Parada de Tibães",260180083
Lote,Venda,Lote,N/D,62.000 €,Braga,Braga,"Merelim (São Paio), Panoias e Parada de Tibães",260180082
Loja,Venda,Loja,Construção,320.000 €,Braga,Braga,"Nogueira, Fraião e Lamaçães",314180101
Loja,Venda,Loja,Construção,360.000 €,Braga,Braga,"Nogueira, Fraião e Lamaçães",314180100
Loja,Venda,Loja,Construção,210.000 €,Braga,Braga,"Nogueira, Fraião e Lamaçães",314180099
Loja,Venda,Loja,Construção,185.000 €,Braga,Braga,"Nogueira, Fraião e Lamaçães",314180098
Apartamento 3 quartos,Venda,Apartamento,Construção,260.000 €,Braga,Braga,"Nogueira, Fraião e Lamaçães",314180096
Lote Industrial,Venda,Lote Industrial,N/D,195.567 €,Braga,Braga,Merelim (São Pedro) e Frossos,314180081
Lote,Venda,Lote,N/D,140.000 €,Braga,Braga,Merelim (São Pedro) e Frossos,314180073
Apartamento 1 quarto,Venda,Apartamento,Usado,66.500 €,Braga,Braga,"Braga (Maximinos, Sé e Cividade)",260180078
Moradia em Banda 4 quartos,Venda,Moradia em Banda,Construção,240.000 €,Braga,Braga,Este (São Pedro e São Mamede),285180049
Moradia em Banda 4 quartos,Venda,Moradia em Banda,Construção,Sob Consulta,Braga,Braga,Este (São Pedro e São Mamede),285180048
Moradia em Banda 4 quartos,Venda,Moradia em Banda,Construção,232.000 €,Braga,Braga,Este (São Pedro e São Mamede),285180042
Moradia em Banda 4 quartos,Venda,Moradia em Banda,Construção,Sob Consulta,Braga,Braga,Este (São Pedro e São Mamede),285180040
Lote,Venda,Lote,N/D,180.000 €,Braga,Braga,Braga (São José de São Lázaro e São João do Souto),314180059
Apartamento 4 quartos,Venda,Apartamento,Usado,89.000 €,Braga,Braga,"Braga (Maximinos, Sé e Cividade)",260180072
Lote,Venda,Lote,N/D,120.000 €,Braga,Braga,Cabreiros e Passos (São Julião),260180071
Terreno Para Construção,Venda,Terreno Para Construção,N/D,90.000 €,Braga,Braga,Palmeira,260180066
Apartamento 2 quartos,Venda,Apartamento,Usado,62.500 €,Braga,Braga,Ferreiros e Gondizalves,260180059
Lote,Venda,Lote,N/D,75.000 €,Braga,Braga,"Real, Dume e Semelhe",260180055
Armazém,Venda,Armazém,Usado,129.000 €,Braga,Braga,"Braga (Maximinos, Sé e Cividade)",260180053
Loja,Venda,Loja,Usado,60.000 €,Braga,Braga,"Braga (Maximinos, Sé e Cividade)",260180046
Lote,Venda,Lote,N/D,80.000 €,Braga,Braga,"Merelim (São Paio), Panoias e Parada de Tibães",260180043
Moradia em Banda 3 quartos,Venda,Moradia em Banda,Usado,370.000 €,Braga,Braga,"Braga (Maximinos, Sé e Cividade)",260180041
Loja,Venda,Loja,Usado,140.000 €,Braga,Braga,Braga (São Vítor),285180028
Moradia 4 quartos,Venda,Moradia,Construção,245.000 €,Braga,Braga,Lomar e Arcos,314180034
Armazém,Venda,Armazém,Usado,82.000 €,Braga,Braga,Tadim,260180032
Moradia Isolada 4 quartos,Venda,Moradia Isolada,Usado,129.000 €,Braga,Braga,Sequeira,260180031
Escritório,Venda,Escritório,Usado,175.000 €,Braga,Braga,"Braga (Maximinos, Sé e Cividade)",314180019
Apartamento 3 quartos,Venda,Apartamento,Usado,95.000 €,Braga,Braga,"Braga (Maximinos, Sé e Cividade)",260180010
Lote,Venda,Lote,N/D,67.000 €,Braga,Braga,Palmeira,260180008
Apartamento 4 quartos,Venda,Apartamento,Usado,99.000 €,Braga,Braga,"Braga (Maximinos, Sé e Cividade)",260180007
Duplex 4 quartos,Venda,Duplex,Usado,124.000 €,Braga,Braga,"Braga (Maximinos, Sé e Cividade)",260180005
Loja,Venda,Loja,Novo,115.000 €,Braga,Braga,Gualtar,285180003
Apartamento 3 quartos,Venda,Apartamento,Construção,228.000 €,Braga,Braga,Braga (São José de São Lázaro e São João do Souto),314180001
Moradia Geminada 5 quartos,Venda,Moradia Geminada,Usado,250.000 €,Braga,Braga,"Nogueira, Fraião e Lamaçães",314170153
Lote,Venda,Lote,N/D,85.000 €,Braga,Braga,Palmeira,260170234
Moradia Isolada 5 quartos,Venda,Moradia Isolada,Usado,249.500 €,Braga,Braga,Gualtar,285170243
Moradia Geminada 4 quartos,Venda,Moradia Geminada,Construção,500.000 €,Braga,Braga,Braga (São Vítor),285170230
Moradia Geminada 4 quartos,Venda,Moradia Geminada,Usado,250.000 €,Braga,Braga,Merelim (São Pedro) e Frossos,260170215
Moradia Geminada 4 quartos,Venda,Moradia Geminada,Usado,181.000 €,Braga,Braga,"Real, Dume e Semelhe",260170212
Moradia em Banda 3 quartos,Venda,Moradia em Banda,Novo,310.000 €,Braga,Braga,"Nogueira, Fraião e Lamaçães",314170132
Moradia em Banda 3 quartos,Venda,Moradia em Banda,Novo,310.000 €,Braga,Braga,"Nogueira, Fraião e Lamaçães",314170131
Moradia em Banda 3 quartos,Venda,Moradia em Banda,Novo,310.000 €,Braga,Braga,"Nogueira, Fraião e Lamaçães",314170130
Apartamento 3 quartos,Venda,Apartamento,Usado,Sob Consulta,Braga,Braga,"Braga (Maximinos, Sé e Cividade)",260170210
Moradia em Banda 3 quartos,Venda,Moradia em Banda,Novo,295.000 €,Braga,Braga,"Nogueira, Fraião e Lamaçães",314170129
Moradia em Banda 3 quartos,Venda,Moradia em Banda,Novo,360.000 €,Braga,Braga,"Nogueira, Fraião e Lamaçães",314170128
Moradia em Banda 3 quartos,Venda,Moradia em Banda,Construção,390.000 €,Braga,Braga,"Nogueira, Fraião e Lamaçães",314170126
Apartamento 2 quartos,Venda,Apartamento,Usado,89.000 €,Braga,Braga,"Celeirós, Aveleda e Vimieiro",260170207
Terreno Rústico,Venda,Terreno Rústico,N/D,79.000 €,Braga,Braga,Palmeira,260170196
Lote,Venda,Lote,N/D,86.000 €,Braga,Braga,"Nogueira, Fraião e Lamaçães",314170091
Apartamento 2 quartos,Venda,Apartamento,Usado,68.000 €,Braga,Braga,"Braga (Maximinos, Sé e Cividade)",260170188
Lote,Venda,Lote,N/D,53.000 €,Braga,Braga,"Real, Dume e Semelhe",260170186
Lote,Venda,Lote,N/D,50.000 €,Braga,Braga,"Real, Dume e Semelhe",260170185
Apartamento 3 quartos,Venda,Apartamento,Usado,67.000 €,Braga,Braga,Ferreiros e Gondizalves,260170182
Loja,Venda,Loja,Usado,41.150 €,Braga,Braga,"Braga (Maximinos, Sé e Cividade)",314170067
Loja,Venda,Loja,Usado,150.000 €,Braga,Braga,Braga (São Vicente),314170066
Loja,Venda,Loja,Usado,110.000 €,Braga,Braga,Gualtar,285170204
Loja,Venda,Loja,Construção,130.000 €,Braga,Braga,Braga (São José de São Lázaro e São João do Souto),260170153
Loja,Venda,Loja,Usado,Sob Consulta,Braga,Braga,Braga (São José de São Lázaro e São João do Souto),314170050
Apartamento 3 quartos,Venda,Apartamento,Novo,120.000 €,Braga,Braga,Braga (São Vítor),285170182
Lote,Venda,Lote,N/D,199.000 €,Braga,Braga,"Nogueira, Fraião e Lamaçães",285170180
Lote,Venda,Lote,N/D,195.000 €,Braga,Braga,"Nogueira, Fraião e Lamaçães",285170179
Lote,Venda,Lote,N/D,259.000 €,Braga,Braga,"Nogueira, Fraião e Lamaçães",285170177
Lote,Venda,Lote,N/D,259.000 €,Braga,Braga,"Nogueira, Fraião e Lamaçães",285170176
Lote,Venda,Lote,N/D,194.000 €,Braga,Braga,"Nogueira, Fraião e Lamaçães",285170174
Lote,Venda,Lote,N/D,214.000 €,Braga,Braga,"Nogueira, Fraião e Lamaçães",285170173
Lote,Venda,Lote,N/D,60.000 €,Braga,Braga,"Real, Dume e Semelhe",260170130
Lote,Venda,Lote,N/D,80.000 €,Braga,Braga,Este (São Pedro e São Mamede),285170165
Lote,Venda,Lote,N/D,80.000 €,Braga,Braga,Este (São Pedro e São Mamede),285170164
Lote,Venda,Lote,N/D,80.000 €,Braga,Braga,Este (São Pedro e São Mamede),285170163
Lote,Venda,Lote,N/D,80.000 €,Braga,Braga,Este (São Pedro e São Mamede),285170161
Lote,Venda,Lote,N/D,80.000 €,Braga,Braga,Este (São Pedro e São Mamede),285170159
Lote,Venda,Lote,N/D,125.000 €,Braga,Braga,Este (São Pedro e São Mamede),285170156
Terreno Rústico,Venda,Terreno Rústico,N/D,160.000 €,Braga,Braga,Pedralva,285170129
Terreno,Venda,Terreno,N/D,69.900 €,Braga,Braga,"Celeirós, Aveleda e Vimieiro",260170120
Terreno Rústico,Venda,Terreno Rústico,N/D,300.000 €,Braga,Braga,Este (São Pedro e São Mamede),285170117
Moradia 2 quartos,Venda,Moradia,Novo,156.000 €,Braga,Braga,Palmeira,260170107
Lote,Venda,Lote,N/D,67.500 €,Braga,Braga,Adaúfe,285170066
Lote,Venda,Lote,N/D,90.000 €,Braga,Braga,"Nogueira, Fraião e Lamaçães",285170051
Lote,Venda,Lote,N/D,38.000 €,Braga,Braga,Gualtar,285170036
Lote,Venda,Lote,N/D,49.000 €,Braga,Braga,Gualtar,285170035
Lote,Venda,Lote,N/D,58.000 €,Braga,Braga,Palmeira,260170011
Loja,Venda,Loja,Novo,135.500 €,Braga,Braga,Braga (São Vítor),285170001
Terreno Para Construção,Venda,Terreno Para Construção,N/D,100.000 €,Braga,Braga,Ruilhe,260170006
Moradia em Banda 4 quartos,Venda,Moradia em Banda,Usado,160.000 €,Braga,Braga,Merelim (São Pedro) e Frossos,260160481
Apartamento 3 quartos,Venda,Apartamento,Novo,215.000 €,Braga,Braga,Braga (São Vítor),285160207
Apartamento 3 quartos,Venda,Apartamento,Novo,215.000 €,Braga,Braga,Braga (São Vítor),285160206
Apartamento 3 quartos,Venda,Apartamento,Novo,215.000 €,Braga,Braga,Braga (São Vítor),285160205
Loja,Venda,Loja,Usado,130.000 €,Braga,Braga,"Braga (Maximinos, Sé e Cividade)",260160451
Apartamento 2 quartos,Venda,Apartamento,Construção,134.000 €,Braga,Braga,Ferreiros e Gondizalves,260160443
Moradia em Banda 4 quartos,Venda,Moradia em Banda,Usado,184.000 €,Braga,Braga,Merelim (São Pedro) e Frossos,260160441
Loja,"Venda, Arrendamento",Loja,Usado,16.000 €,Braga,Braga,"Braga (Maximinos, Sé e Cividade)",260160438
Moradia 5 quartos,Venda,Moradia,Usado,198.900 €,Braga,Braga,Ferreiros e Gondizalves,260160407
Apartamento 3 quartos,Venda,Apartamento,Novo,215.000 €,Braga,Braga,Braga (São Vítor),285160174
Lote Industrial,Venda,Lote Industrial,N/D,640.000 €,Braga,Braga,Braga (São Vítor),285160166
Terreno,Venda,Terreno,N/D,35.000 €,Braga,Braga,"Real, Dume e Semelhe",260160362
Terreno,Venda,Terreno,N/D,50.000 €,Braga,Braga,"Real, Dume e Semelhe",260160361
Armazém,Venda,Armazém,Usado,330.000 €,Braga,Braga,"Braga (Maximinos, Sé e Cividade)",260160350
Terreno Para Construção,Venda,Terreno Para Construção,N/D,90.000 €,Braga,Braga,"Merelim (São Paio), Panoias e Parada de Tibães",260160342
Terreno Misto,Venda,Terreno Misto,N/D,265.000 €,Braga,Braga,"Merelim (São Paio), Panoias e Parada de Tibães",260160341
Lote,Venda,Lote,N/D,35.000 €,Braga,Braga,"Merelim (São Paio), Panoias e Parada de Tibães",260160337
Lote,Venda,Lote,N/D,35.000 €,Braga,Braga,"Merelim (São Paio), Panoias e Parada de Tibães",260160336
Terreno,Venda,Terreno,N/D,60.000 €,Braga,Braga,"Celeirós, Aveleda e Vimieiro",260160328
Apartamento 3 quartos,Venda,Apartamento,Novo,135.000 €,Braga,Braga,"Celeirós, Aveleda e Vimieiro",260160238
Apartamento 3 quartos,Venda,Apartamento,Usado,120.000 €,Braga,Braga,"Braga (Maximinos, Sé e Cividade)",260160204
Lote,Venda,Lote,N/D,75.000 €,Braga,Braga,"Celeirós, Aveleda e Vimieiro",260160191
Lote,Venda,Lote,N/D,52.000 €,Braga,Braga,Gualtar,285160127
Loja,Venda,Loja,Usado,106.500 €,Braga,Braga,Braga (São Vítor),285160126
Moradia 4 quartos,Venda,Moradia,Usado,150.000 €,Braga,Braga,Sequeira,260160179
Loteamento,Venda,Loteamento,N/D,54.500 €,Braga,Braga,Este (São Pedro e São Mamede),285160120
Loteamento,Venda,Loteamento,N/D,58.000 €,Braga,Braga,Este (São Pedro e São Mamede),285160119
Loteamento,Venda,Loteamento,N/D,64.395 €,Braga,Braga,Este (São Pedro e São Mamede),285160118
Loteamento,Venda,Loteamento,N/D,52.500 €,Braga,Braga,Este (São Pedro e São Mamede),285160117
Moradia Geminada 3 quartos,Venda,Moradia Geminada,Construção,330.000 €,Braga,Braga,Este (São Pedro e São Mamede),285160114
Loja,Venda,Loja,Usado,240.000 €,Braga,Braga,Braga (São Vítor),285160109
Apartamento 2 quartos,Venda,Apartamento,Novo,193.530 €,Braga,Braga,Braga (São Vítor),285160101
Apartamento 3 quartos,Venda,Apartamento,Novo,Sob Consulta,Braga,Braga,Braga (São Vítor),285160097
Apartamento 4 quartos,Venda,Apartamento,Novo,282.900 €,Braga,Braga,Braga (São Vítor),285160095
Loja,Venda,Loja,Usado,114.300 €,Braga,Braga,Braga (São Vítor),285160072
Lote Industrial,Venda,Lote Industrial,N/D,260.000 €,Braga,Braga,Sequeira,260160149
Prédio,Venda,Prédio,Novo,49.000 €,Braga,Braga,"Merelim (São Paio), Panoias e Parada de Tibães",260160144
Lote,Venda,Lote,N/D,37.500 €,Braga,Braga,Merelim (São Pedro) e Frossos,260160139
Lote,Venda,Lote,N/D,47.000 €,Braga,Braga,Merelim (São Pedro) e Frossos,260160126
Lote,Venda,Lote,N/D,61.000 €,Braga,Braga,Merelim (São Pedro) e Frossos,260160125
Moradia Geminada 4 quartos,Venda,Moradia Geminada,Novo,Sob Consulta,Braga,Braga,Merelim (São Pedro) e Frossos,260160124
Apartamento 2 quartos,Venda,Apartamento,Usado,Sob Consulta,Braga,Braga,"Braga (Maximinos, Sé e Cividade)",260160121
Loja,Venda,Loja,Usado,130.000 €,Braga,Braga,Braga (São Vítor),285160063
Terreno,Venda,Terreno,N/D,Sob Consulta,Braga,Braga,Priscos,260160098
Terreno Para Construção,Venda,Terreno Para Construção,N/D,199.000 €,Braga,Braga,Ferreiros e Gondizalves,260160081
Loja,"Venda, Arrendamento",Loja,Novo,750.000 €,Braga,Braga,Braga (São José de São Lázaro e São João do Souto),285160051
Lote Industrial,Venda,Lote Industrial,N/D,180.000 €,Braga,Braga,Sobreposta,285160036
Lote Industrial,Venda,Lote Industrial,N/D,180.000 €,Braga,Braga,Sobreposta,285160035
Lote Industrial,Venda,Lote Industrial,N/D,350.000 €,Braga,Braga,Sobreposta,285160034
Prédio,Venda,Prédio,Usado,Sob Consulta,Braga,Braga,"Braga (Maximinos, Sé e Cividade)",260160044
Apartamento 2 quartos,Venda,Apartamento,Usado,Sob Consulta,Braga,Braga,"Braga (Maximinos, Sé e Cividade)",260160042
Lote Industrial,Venda,Lote Industrial,N/D,600.000 €,Braga,Braga,Adaúfe,285160030
Lote,Venda,Lote,N/D,35.000 €,Braga,Braga,Ferreiros e Gondizalves,260160027
Moradia 3 quartos,Venda,Moradia,Usado,299.000 €,Braga,Braga,Espinho,285160027
Terreno,Venda,Terreno,N/D,176.000 €,Braga,Braga,Espinho,285160022
Lote,Venda,Lote,N/D,45.000 €,Braga,Braga,Palmeira,260160020
Loja,Venda,Loja,N/D,109.000 €,Braga,Braga,Braga (São Vítor),285160019
Lote,Venda,Lote,N/D,35.000 €,Braga,Braga,Palmeira,260150443
Lote,Venda,Lote,N/D,Sob Consulta,Braga,Braga,Cabreiros e Passos (São Julião),260150441
Apartamento 2 quartos,Venda,Apartamento,Usado,Sob Consulta,Braga,Braga,Ferreiros e Gondizalves,260150439
Loteamento,Venda,Loteamento,N/D,96.000 €,Braga,Braga,"Merelim (São Paio), Panoias e Parada de Tibães",260150431
Loja,Venda,Loja,Usado,84.000 €,Braga,Braga,Merelim (São Pedro) e Frossos,260150425
Moradia em Banda 4 quartos,Venda,Moradia em Banda,Novo,195.000 €,Braga,Braga,Merelim (São Pedro) e Frossos,260150388
Terreno,Venda,Terreno,N/D,20.400 €,Braga,Braga,Mire de Tibães,260150372
Lote,Venda,Lote,N/D,61.500 €,Braga,Braga,"Merelim (São Paio), Panoias e Parada de Tibães",260150371
Apartamento 3 quartos,Venda,Apartamento,Usado,Sob Consulta,Braga,Braga,Palmeira,260150366
Apartamento 3 quartos,Venda,Apartamento,Usado,103.000 €,Braga,Braga,Palmeira,260150365
Lote,Venda,Lote,N/D,38.000 €,Braga,Braga,"Real, Dume e Semelhe",260150355
Lote,Venda,Lote,N/D,38.000 €,Braga,Braga,"Real, Dume e Semelhe",260150354
Terreno Rústico,Venda,Terreno Rústico,N/D,220.000 €,Braga,Braga,Palmeira,260150353
Apartamento 2 quartos,Venda,Apartamento,Usado,Sob Consulta,Braga,Braga,"Braga (Maximinos, Sé e Cividade)",260150311
Lote,Venda,Lote,N/D,65.000 €,Braga,Braga,"Real, Dume e Semelhe",260150304
Apartamento 2 quartos,Venda,Apartamento,Usado,Sob Consulta,Braga,Braga,"Braga (Maximinos, Sé e Cividade)",260150270
Terreno,Venda,Terreno,N/D,30.000 €,Braga,Braga,"Braga (Maximinos, Sé e Cividade)",260150263
Apartamento 1 quarto,Venda,Apartamento,Usado,Sob Consulta,Braga,Braga,Ferreiros e Gondizalves,260150256
Lote,Venda,Lote,N/D,60.000 €,Braga,Braga,Palmeira,260150248
Lote,Venda,Lote,N/D,50.000 €,Braga,Braga,Palmeira,260150247
Lote,Venda,Lote,N/D,60.000 €,Braga,Braga,Palmeira,260150246
Lote,Venda,Lote,N/D,50.000 €,Braga,Braga,Palmeira,260150245
Lote,Venda,Lote,N/D,50.000 €,Braga,Braga,Palmeira,260150244
Terreno,Venda,Terreno,N/D,Sob Consulta,Braga,Braga,Guisande e Oliveira (São Pedro),260150166
Lote,Venda,Lote,N/D,40.000 €,Braga,Braga,"Real, Dume e Semelhe",260150134
Loja,Venda,Loja,Usado,260.000 €,Braga,Braga,"Braga (Maximinos, Sé e Cividade)",260150127
Moradia 4 quartos,Venda,Moradia,Novo,Sob Consulta,Braga,Braga,Palmeira,260150120
Lote,Venda,Lote,N/D,35.000 €,Braga,Braga,"Merelim (São Paio), Panoias e Parada de Tibães",260150110
Lote,Venda,Lote,N/D,35.000 €,Braga,Braga,"Merelim (São Paio), Panoias e Parada de Tibães",260150109
